user_id,monthly_spend_aed,login_frequency_last_30d,support_tickets_30d,feature_usage_score,days_since_last_login,uae_region,churn_label,is_high_value
1,1935.2465823520763,14,2,0.2185098343541303,28,Sharjah,0,0
2,4758.500101408589,11,7,0.39679684708631646,58,Ajman,1,1
3,3686.770314875885,29,9,0.044387772170854434,41,Abu Dhabi,1,1
4,3033.4265725654795,15,3,0.27782207278173443,28,Abu Dhabi,0,1
5,864.4913381679389,23,1,0.8166821754507181,2,Ajman,0,0
6,864.373149647393,18,1,0.28456230176289754,18,Dubai,0,0
7,384.6096996241774,7,0,0.8182066687482475,2,Dubai,0,0
8,4344.263114297182,20,3,0.5315994646044309,53,Abu Dhabi,1,1
9,3045.4635575417233,16,9,0.87986267736116,13,Abu Dhabi,1,1
10,3569.555631200623,22,8,0.5747795542644152,39,Dubai,1,1
11,200.86402204943198,4,6,0.029668223064739818,58,Sharjah,1,0
12,4852.558275593772,21,9,0.6754202075470892,54,Ajman,1,1
13,4178.968939922066,15,6,0.04485356802356866,3,Ajman,0,1
14,1140.4616423235532,5,6,0.450597018983134,58,Sharjah,1,0
15,990.942339314793,7,7,0.929426694473114,59,Sharjah,1,0
16,998.6820982818257,24,0,0.16520393933785016,51,Sharjah,0,0
17,1590.7869905017349,17,9,0.3898723529415441,10,Sharjah,1,0
18,2671.306514997965,24,9,0.7298603088484784,57,Sharjah,1,1
19,2216.530591346367,11,7,0.8822585560948476,30,Sharjah,1,1
20,1527.0227869704054,14,3,0.6709430047425079,42,Ajman,1,0
21,3098.0791841396594,26,3,0.2581732541911692,31,Sharjah,0,1
22,783.519917195005,25,3,0.6746078529162162,26,Dubai,0,0
23,1531.5087778225688,8,5,0.29672764110409,29,Sharjah,1,0
24,1895.1730321390894,12,6,0.7184292298187352,42,Sharjah,1,0
25,2334.742922663476,25,5,0.9540331275850406,1,Ajman,0,1
26,3947.362210825767,14,0,0.7213934511062883,48,Ajman,0,1
27,1078.4015325759628,9,7,0.8628805029124124,8,Sharjah,1,0
28,2619.748748226697,15,9,0.002103843175883413,27,Ajman,1,1
29,3002.831387424008,6,6,0.7175721247315944,30,Abu Dhabi,1,1
30,327.60702232798883,16,5,0.8295875568652503,59,Ajman,1,0
31,3076.969774317048,22,5,0.04055873754468142,33,Ajman,1,1
32,935.5682060677285,25,4,0.8715977272882306,55,Ajman,1,0
33,418.75280562786963,20,5,0.25669422831004585,14,Ajman,0,0
34,4749.539132541333,21,8,0.6652921019780552,47,Dubai,1,1
35,4831.59696206534,25,9,0.8003548790234066,24,Dubai,1,1
36,4061.1470057706597,6,8,0.6626645130593555,35,Dubai,1,1
37,1592.6074689495163,13,9,0.09228479207325724,7,Sharjah,1,0
38,578.593358631281,14,7,0.5963215188603683,8,Sharjah,1,0
39,3452.741829909569,20,9,0.5495836567221436,57,Abu Dhabi,1,1
40,2256.7472193240465,6,8,0.9003212680742715,57,Dubai,1,1
41,697.9873507394162,8,9,0.4042397296442092,36,Sharjah,1,0
42,2526.366859545224,18,7,0.3210810970870501,47,Ajman,1,1
43,268.50375346457014,15,7,0.7498507644364663,44,Ajman,1,0
44,4555.6699701860325,7,0,0.41267532608339663,38,Dubai,0,1
45,1368.0219098400828,17,9,0.646096175005063,31,Abu Dhabi,1,0
46,3346.3591933345115,26,4,0.646450090124607,57,Abu Dhabi,1,1
47,1627.3842728381137,22,3,0.8880390643601178,51,Ajman,1,0
48,2648.3333037712728,28,1,0.5986924023190974,16,Abu Dhabi,0,1
49,2778.8803687820705,17,7,0.5021536099619869,34,Dubai,1,1
50,1005.7868320750825,29,2,0.138871326396517,36,Ajman,0,0
51,4850.9646760463365,19,3,0.11573760667870536,18,Sharjah,0,1
52,3898.150834469461,6,6,0.1543215652830794,43,Sharjah,1,1
53,4703.544813664526,2,9,0.17184848132709452,28,Abu Dhabi,1,1
54,4484.6540170954795,17,8,0.6378770926636339,58,Ajman,1,1
55,3029.7098961743172,26,1,0.7409812502745785,6,Ajman,0,1
56,4617.183751613273,9,2,0.5299915229264187,27,Sharjah,0,1
57,533.6132600544056,6,3,0.829017732545491,8,Ajman,0,0
58,1060.3160258538114,16,9,0.9912632267336332,27,Ajman,1,0
59,321.61371566163655,13,0,0.820012629119356,5,Ajman,0,0
60,1694.1186207399953,23,6,0.6948823736759592,28,Abu Dhabi,1,0
61,2004.518719478462,2,1,0.5324926994371466,57,Ajman,1,1
62,1429.61025569209,11,4,0.4488530716747082,16,Dubai,0,0
63,4160.813794844454,27,0,0.08439238054454234,15,Abu Dhabi,0,1
64,1848.0913007985876,12,2,0.39936874839469094,22,Ajman,0,0
65,1476.5790974681656,1,1,0.9101346367821342,30,Ajman,0,0
66,2759.2108074754174,2,0,0.8080226299065529,2,Dubai,0,1
67,790.5287023763369,4,6,0.2160513650116872,20,Abu Dhabi,1,0
68,4030.7652056947945,10,4,0.46660778469721587,25,Sharjah,1,1
69,465.298154030877,7,0,0.8167232025585446,35,Sharjah,0,0
70,4935.745989342535,25,5,0.06738455478552252,41,Abu Dhabi,1,1
71,3883.9993695536214,22,4,0.3873925856686593,36,Ajman,1,1
72,1073.7068395174447,22,2,0.8518412368739476,52,Ajman,1,0
73,127.05837390565176,11,6,0.40389786417012374,21,Sharjah,1,0
74,4095.7609994286872,6,9,0.07761464473144086,41,Sharjah,1,1
75,3563.600984853324,14,8,0.5425343685322515,11,Sharjah,1,1
76,3672.135123400838,23,8,0.8617424949182954,41,Dubai,1,1
77,3879.2246987611343,16,8,0.5902855429531597,12,Sharjah,1,1
78,462.81879349704275,3,1,0.2262791082142318,10,Dubai,0,0
79,1856.4820698669357,28,2,0.38423962013738133,53,Abu Dhabi,1,0
80,667.7583916731356,21,6,0.4501233611819322,15,Ajman,1,0
81,4329.206786790408,24,4,0.5792663538205268,7,Sharjah,0,1
82,3154.160821455034,12,1,0.759351025752613,39,Ajman,0,1
83,1721.400321777981,17,2,0.0988736176406354,58,Ajman,1,0
84,411.4359164015158,0,9,0.8896520330175663,56,Sharjah,1,0
85,1623.8133764067447,15,5,0.01230970301607559,39,Sharjah,1,0
86,1693.3982779310604,12,6,0.37005233467425525,44,Abu Dhabi,1,0
87,3675.0702738565137,9,8,0.027420309972657653,58,Dubai,1,1
88,3224.0316096405445,11,0,0.39297422534529125,1,Dubai,0,1
89,4447.342438624,29,6,0.5258125988733238,29,Ajman,1,1
90,2413.8531332935518,1,7,0.5116813865815117,29,Sharjah,1,1
91,686.0118050976783,22,2,0.16562834702826534,11,Abu Dhabi,0,0
92,3594.8994573926757,2,3,0.6457405100956123,9,Abu Dhabi,0,1
93,3827.8467382227973,9,9,0.04477845050466822,43,Abu Dhabi,1,1
94,2850.2582680905316,1,5,0.7619068201324154,10,Abu Dhabi,1,1
95,3877.7391817773487,29,9,0.9466444339935463,14,Abu Dhabi,1,1
96,2519.5984221855147,26,6,0.3397688271511179,15,Dubai,0,1
97,2661.390863971771,22,3,0.5172393817143319,16,Dubai,0,1
98,2194.9509899568934,12,7,0.3789102780588144,25,Dubai,1,1
99,224.5537210460664,12,4,0.006710390304059954,1,Sharjah,0,0
100,628.6679922671918,17,0,0.38587450289511593,49,Ajman,0,0
101,254.00300986499784,2,3,0.7917202592613465,11,Abu Dhabi,0,0
102,3218.411015192524,26,2,0.5959888421834818,50,Sharjah,0,1
103,1640.3443072740008,6,8,0.10125991461515893,25,Abu Dhabi,1,0
104,2591.9963867070437,13,7,0.847139489693785,22,Dubai,1,1
105,4547.075722237856,19,0,0.5310853448852428,17,Sharjah,0,1
106,1321.5319228294873,28,5,0.8417233617446761,31,Dubai,1,0
107,2110.8763228745856,29,8,0.5802215187850294,48,Abu Dhabi,1,1
108,3802.2005788609385,16,6,0.5596884448379399,37,Abu Dhabi,1,1
109,1221.11101090895,28,3,0.10525918519701238,56,Ajman,1,0
110,477.20155816108564,29,0,0.16735973313862795,46,Abu Dhabi,0,0
111,1519.7821192774634,20,1,0.9720252564965911,2,Dubai,0,0
112,889.9843075446216,11,4,0.22848674675477076,37,Abu Dhabi,1,0
113,4655.518496478608,24,4,0.9774521179903679,2,Ajman,0,1
114,4059.789859865643,15,7,0.5319127065242634,29,Ajman,1,1
115,3203.678406901075,23,5,0.13578904706393713,0,Dubai,0,1
116,4370.156891919817,11,7,0.09930220275369295,29,Sharjah,1,1
117,4037.993176805661,14,1,0.20886407070573998,44,Abu Dhabi,0,1
118,1014.1932885415756,24,2,0.9256373300253358,31,Ajman,0,0
119,4473.539092600891,9,5,0.4141502243282268,27,Abu Dhabi,1,1
120,2742.7769853866885,29,9,0.39543426799291437,20,Abu Dhabi,1,1
121,4056.4567603039063,24,2,0.313206261070174,57,Sharjah,1,1
122,4490.847369625117,6,5,0.14706185056658838,45,Ajman,1,1
123,1658.217027362133,19,5,0.48785119719240644,12,Abu Dhabi,0,0
124,639.2544301856161,4,1,0.1300477825111387,26,Ajman,0,0
125,1216.8822964555143,0,6,0.8354802363823276,35,Dubai,1,0
126,2192.828164268656,29,1,0.3703969862753065,6,Dubai,0,1
127,4108.2723530202165,16,5,0.37480356778179635,21,Abu Dhabi,1,1
128,4317.579857956083,2,0,0.4740064284831559,9,Ajman,0,1
129,134.06543960283443,12,2,0.4441277131657516,38,Abu Dhabi,0,0
130,2602.661782630072,13,1,0.9948579730593216,52,Ajman,1,1
131,2145.313915429017,23,6,0.5453811212183025,14,Ajman,0,1
132,1188.3282713065782,29,3,0.08820170378987069,14,Sharjah,0,0
133,687.3402999350458,17,7,0.60687734157693,3,Sharjah,0,0
134,1754.314339877777,3,5,0.15158429286987996,31,Sharjah,1,0
135,4720.257549171344,17,9,0.030937644731341973,22,Abu Dhabi,1,1
136,1683.6943669017007,29,3,0.9707421536772481,54,Sharjah,1,0
137,2642.0740465424938,4,4,0.7735388915345639,5,Sharjah,0,1
138,3544.7928985863714,24,8,0.9801089924137669,23,Dubai,1,1
139,1881.7850516585404,15,6,0.47787844802224244,19,Ajman,1,0
140,4861.732205332707,0,9,0.5322575311489761,57,Ajman,1,1
141,4815.991745216345,20,8,0.16833695591913023,36,Sharjah,1,1
142,1333.7332495442843,13,6,0.24690742666758558,19,Ajman,1,0
143,2536.5176788726885,14,0,0.8385492149028282,11,Dubai,0,1
144,1574.3037181021714,8,7,0.35618564711759415,32,Dubai,1,0
145,1495.7184224495913,14,3,0.826814973796419,27,Sharjah,0,0
146,280.7460420372107,16,2,0.7090137242870318,7,Dubai,0,0
147,3086.8652365014946,24,6,0.1771709252718655,0,Ajman,0,1
148,2563.1272138214213,23,2,0.5074463661197421,36,Abu Dhabi,0,1
149,352.2458811249478,3,7,0.6773873215187168,21,Ajman,1,0
150,1465.367674759396,11,5,0.2350372148038251,5,Abu Dhabi,0,0
151,4550.502841236603,26,4,0.8306885105200769,20,Sharjah,0,1
152,1273.8532642681648,25,3,0.5448276575451868,31,Abu Dhabi,0,0
153,809.9848732469932,4,7,0.1652420504426032,34,Dubai,1,0
154,2498.3185253600586,28,7,0.5829844261646024,14,Ajman,1,1
155,4929.687225141944,4,0,0.999713804155914,4,Abu Dhabi,0,1
156,1286.0708304063521,10,8,0.15052149166341355,59,Ajman,1,0
157,3393.4641822888047,27,4,0.8167569301195281,55,Sharjah,1,1
158,3831.936115110716,5,3,0.20730900318755796,45,Sharjah,1,1
159,1264.4239655627584,6,5,0.7823883294600873,49,Dubai,1,0
160,3668.260108198112,23,5,0.7345779231214132,47,Sharjah,1,1
161,1902.1373503243408,13,1,0.30048938560043237,5,Abu Dhabi,0,0
162,3198.2985699085393,23,7,0.3258231175644498,24,Sharjah,1,1
163,3204.295582728384,10,6,0.7925213919629192,55,Dubai,1,1
164,2725.2959519663164,29,0,0.46144551188731264,45,Ajman,0,1
165,542.4198732666007,12,4,0.7308180287118088,58,Ajman,1,0
166,4192.982228387265,1,5,0.14798414736583476,55,Sharjah,1,1
167,1671.8223183615055,24,3,0.8525577819015535,39,Abu Dhabi,0,0
168,1013.9407009592858,6,1,0.7108847166823191,28,Dubai,0,0
169,299.7981936183432,19,3,0.9069428088348339,6,Abu Dhabi,0,0
170,2995.3754216223847,3,0,0.13237237903497245,39,Dubai,0,1
171,3420.065373027184,26,6,0.5930145003605977,12,Sharjah,0,1
172,181.28036174649515,7,1,0.5991205850403252,37,Dubai,0,0
173,2609.2559856664766,19,1,0.35346074054678245,17,Dubai,0,1
174,1209.829298469896,28,8,0.4584664245692578,1,Sharjah,0,0
175,3261.346673006304,21,4,0.03798156328985347,7,Abu Dhabi,0,1
176,954.3955021244581,20,1,0.745860038627012,10,Sharjah,0,0
177,3485.594916702083,18,8,0.549322479403174,32,Dubai,1,1
178,1995.0031968726332,12,8,0.057741051869173776,53,Sharjah,1,0
179,4689.976944809999,13,0,0.6807558929604856,37,Dubai,0,1
180,773.8526263153669,9,2,0.4667820772311879,47,Sharjah,1,0
181,1771.2251201462666,10,3,0.034461259425,26,Ajman,0,0
182,656.0202540788864,1,6,0.9696077268480954,19,Ajman,1,0
183,4630.998729564958,24,9,0.9491121430894405,11,Sharjah,1,1
184,4398.962831566807,25,3,0.5129024161471976,42,Abu Dhabi,0,1
185,1363.9139758042625,8,1,0.0936724207059102,30,Dubai,0,0
186,3333.9218255674773,16,6,0.7546212215985918,26,Ajman,1,1
187,4104.388780985957,25,5,0.49193110010572905,31,Abu Dhabi,1,1
188,2820.4839768373654,2,2,0.3024474782893799,9,Dubai,0,1
189,2695.287833944432,23,5,0.49141817752855677,2,Ajman,0,1
190,1285.0762254122133,5,5,0.5224441454054645,44,Ajman,1,0
191,556.2035622489061,4,4,0.5627116990223392,26,Sharjah,1,0
192,4496.3572139713015,4,3,0.44122371365532653,34,Dubai,1,1
193,4512.0484801003195,21,9,0.6057553031390567,30,Abu Dhabi,1,1
194,3202.197140639013,14,0,0.9187347106063773,14,Abu Dhabi,0,1
195,1761.2459761386333,22,9,0.36226808709859115,15,Abu Dhabi,1,0
196,1811.1269156020383,16,5,0.7257164632199491,12,Dubai,0,0
197,3657.182826464173,8,1,0.8944525568242322,48,Abu Dhabi,1,1
198,4495.840273767628,2,2,0.4559792757599369,34,Abu Dhabi,1,1
199,4446.7234788990745,19,7,0.4434558363819041,51,Abu Dhabi,1,1
200,3921.390174702357,25,9,0.6021169853547795,10,Sharjah,1,1
201,3245.95506615601,16,5,0.5914067594224881,58,Sharjah,1,1
202,512.2858284757392,28,2,0.806589342326277,20,Dubai,0,0
203,891.9806990636075,26,6,0.4764833837782927,50,Dubai,1,0
204,4502.915523782688,9,3,0.9961229496394411,53,Abu Dhabi,1,1
205,3071.5023923319904,2,8,0.05947156886728078,10,Sharjah,1,1
206,145.06555292148528,17,4,0.0031678485807017376,29,Ajman,1,0
207,597.2105600435573,17,2,0.6401983115596238,59,Ajman,1,0
208,3351.1586686294736,29,1,0.2984349123618767,47,Abu Dhabi,0,1
209,124.80176084647157,16,1,0.2403823886994838,52,Abu Dhabi,1,0
210,887.9594519457434,23,2,0.31189908000428046,34,Sharjah,0,0
211,2788.795567896272,2,1,0.2560475651049543,21,Sharjah,0,1
212,3490.286468694197,2,3,0.03079004966044785,37,Sharjah,1,1
213,3294.6101715627424,5,1,0.9715330423905887,30,Dubai,0,1
214,1198.9196163567428,12,9,0.22074548845278175,13,Dubai,1,0
215,3589.6781846029257,23,8,0.7340297625893063,23,Abu Dhabi,1,1
216,1262.5205287343204,28,1,0.7625963946941753,49,Dubai,0,0
217,1694.4585209804118,14,8,0.9292573980072293,48,Sharjah,1,0
218,3757.807885078318,24,5,0.030549457093379973,31,Sharjah,1,1
219,3283.201205331352,8,0,0.8720483384470077,35,Dubai,0,1
220,4261.194711421472,3,3,0.5272261808398002,31,Ajman,1,1
221,3322.3031722716823,13,0,0.6325441099658279,54,Abu Dhabi,0,1
222,2884.712156343811,4,5,0.6444702771210337,14,Ajman,1,1
223,559.0063623576532,1,3,0.8197978049847275,42,Abu Dhabi,1,0
224,1901.8074349912242,10,2,0.3334073221591105,57,Ajman,1,0
225,1399.4916016404547,8,2,0.7330511898599934,34,Dubai,0,0
226,1295.5492525575096,23,8,0.5285781097221971,2,Abu Dhabi,1,0
227,4867.751718286983,2,5,0.7933940143053477,15,Abu Dhabi,1,1
228,2026.178850867126,26,8,0.9905460327701334,4,Abu Dhabi,1,1
229,4471.028120367855,27,4,0.20065101740376123,20,Sharjah,0,1
230,3192.579267386588,28,1,0.9946486415599979,9,Sharjah,0,1
231,3994.575387354077,8,7,0.089812154282774,18,Ajman,1,1
232,2562.9217562154413,2,4,0.002317547904813866,24,Dubai,1,1
233,2926.8290346691597,24,1,0.04416193617783126,3,Sharjah,0,1
234,2513.336699712433,1,3,0.3417824047367617,28,Abu Dhabi,1,1
235,1056.690640210418,11,8,0.6329063306784342,18,Sharjah,1,0
236,3640.015364781376,9,3,0.06902954088784963,42,Dubai,1,1
237,1475.7845759601935,8,3,0.00566581452956727,1,Sharjah,0,0
238,219.14823551412383,14,1,0.9370910284587948,9,Abu Dhabi,0,0
239,3262.8142499451224,7,5,0.8219266359399297,42,Ajman,1,1
240,967.8423290945399,24,1,0.809183171139031,24,Abu Dhabi,0,0
241,4708.24706332928,4,6,0.8844242755019771,19,Dubai,1,1
242,4774.250027312678,10,2,0.7000342727721044,47,Ajman,1,1
243,4582.835512080198,26,2,0.10440412974808144,18,Sharjah,0,1
244,1913.7776312516776,1,4,0.39910018807372305,22,Sharjah,1,0
245,175.7374209914504,23,2,0.7231494864646295,23,Sharjah,0,0
246,4648.760956679855,27,1,0.2803344607915209,10,Ajman,0,1
247,2198.1023267548403,14,9,0.6874063641362376,45,Abu Dhabi,1,1
248,4836.608613313981,5,8,0.02449844826765235,33,Ajman,1,1
249,4821.7378877373385,7,1,0.3061373408795932,54,Ajman,1,1
250,4279.746331790065,26,1,0.5491303362771727,27,Dubai,0,1
251,1542.7995711409699,4,7,0.6320898295062423,4,Ajman,1,0
252,1986.9788701494338,15,8,0.5770406644619108,58,Sharjah,1,0
253,4270.569690432599,25,6,0.6977562760734295,4,Abu Dhabi,0,1
254,1652.9178252657605,17,2,0.00608874823983907,50,Abu Dhabi,1,0
255,930.5144587618532,5,8,0.10094119997752149,20,Abu Dhabi,1,0
256,2828.3261860459156,4,2,0.8689442522791451,11,Sharjah,0,1
257,4687.158393387826,27,4,0.6817486440901612,49,Sharjah,1,1
258,3510.5460037073676,15,8,0.1129316426860113,3,Sharjah,1,1
259,2893.2997334378883,12,2,0.8420744373985792,53,Sharjah,1,1
260,576.1648194767658,27,6,0.2422312178245669,48,Sharjah,1,0
261,3113.5354108259316,4,0,0.4782598841952235,41,Ajman,0,1
262,4951.26386551089,12,3,0.1451965128846603,19,Sharjah,0,1
263,786.4116746589677,16,3,0.7101100564217067,37,Sharjah,1,0
264,2639.81529658231,17,6,0.6668544210142678,24,Sharjah,1,1
265,4399.128052446981,7,7,0.21111247116613618,13,Sharjah,1,1
266,3729.7662269956018,12,0,0.8634007668570018,10,Abu Dhabi,0,1
267,3515.377130876813,29,4,0.4013060242197122,31,Sharjah,0,1
268,3542.1720115368353,28,6,0.2925150910707418,10,Ajman,0,1
269,1861.5066409768003,18,3,0.15232958946453545,17,Ajman,0,0
270,1538.6000368960174,25,3,0.26616801251553746,26,Ajman,0,0
271,4065.8696618447166,2,3,0.022026921223816998,54,Dubai,1,1
272,4069.5556339279856,23,5,0.5832574924561156,53,Abu Dhabi,1,1
273,4348.654361042508,7,6,0.8422307463439479,17,Sharjah,1,1
274,4574.878707526709,1,1,0.5489804494416418,55,Dubai,1,1
275,2605.5777544185953,7,4,0.21927396192387572,22,Sharjah,1,1
276,2557.429843967278,26,3,0.03366917821387272,10,Dubai,0,1
277,4011.646376937198,12,2,0.21462807325880284,20,Dubai,0,1
278,3284.8232608110493,12,6,0.4161214280710923,43,Ajman,1,1
279,3539.637698562746,0,5,0.7596114286997965,4,Ajman,0,1
280,3999.384080236895,5,6,0.1878428525377741,22,Dubai,1,1
281,4461.026174906075,23,4,0.7197914533546861,40,Ajman,1,1
282,1756.1762685725255,18,5,0.8669334683518837,58,Dubai,1,0
283,1940.3564679357257,15,4,0.45394684810835706,24,Abu Dhabi,0,0
284,560.5115052202581,7,6,0.8214319916425933,40,Ajman,1,0
285,2933.5726908812526,27,1,0.5546573480350956,53,Ajman,0,1
286,276.1171416040362,0,4,0.637090837080905,9,Ajman,0,0
287,2381.4302888490547,26,5,0.5262784603382027,21,Abu Dhabi,0,1
288,2758.9587100671256,26,5,0.46317271675134175,18,Dubai,0,1
289,1504.0521354285936,15,4,0.23465344177584935,0,Sharjah,0,0
290,2995.082976788153,8,9,0.30319405946104605,6,Ajman,1,1
291,249.4512247013422,12,6,0.289970118943609,3,Dubai,0,0
292,283.00612487115063,10,9,0.5632889309538147,0,Abu Dhabi,1,0
293,4130.742747232325,12,7,0.11995369302388992,14,Sharjah,1,1
294,1864.9341429151882,24,6,0.9167916907023351,39,Ajman,1,0
295,722.5965119942355,20,4,0.7206551452831133,11,Abu Dhabi,0,0
296,2658.9919742685415,9,0,0.40144563091319363,21,Abu Dhabi,0,1
297,3872.968410183193,3,4,0.15862414452637796,21,Sharjah,1,1
298,1157.5230347345316,26,9,0.8819921697216359,49,Dubai,1,0
299,3152.163331513101,5,1,0.8237780901011652,46,Ajman,1,1
300,518.2025784694631,27,4,0.7217215527171793,16,Ajman,0,0
301,353.2404337261777,6,4,0.27154704741124236,28,Dubai,1,0
302,2703.637694683925,4,1,0.40244663743366893,45,Dubai,1,1
303,2749.112095889522,10,4,0.10274825245242336,13,Dubai,0,1
304,3223.4065173412123,12,3,0.18903952472753172,49,Sharjah,1,1
305,3657.8475352410414,25,0,0.7830166373167329,19,Sharjah,0,1
306,4881.6751893664195,24,2,0.7150387188506838,49,Ajman,0,1
307,2629.8717066758572,18,0,0.5934857629759347,47,Sharjah,0,1
308,1682.4867174121052,22,4,0.8957267259261729,32,Abu Dhabi,1,0
309,3996.412354366648,9,3,0.5832665178130454,54,Ajman,1,1
310,1427.0780311841636,9,6,0.4669679999636107,58,Sharjah,1,0
311,2250.959961457617,10,4,0.3403707463057627,42,Dubai,1,1
312,484.4362685771032,20,9,0.9404485057361726,14,Abu Dhabi,1,0
313,224.2186427357418,29,3,0.0827154615243535,11,Dubai,0,0
314,4816.977231921833,6,1,0.9308873720608084,39,Ajman,0,1
315,4196.302590509808,17,3,0.8267146599310183,53,Dubai,1,1
316,3510.27360985912,3,1,0.1299299245357013,19,Sharjah,0,1
317,2103.8694276299225,1,7,0.5649843576752536,29,Sharjah,1,1
318,949.1421683471443,13,2,0.8665479817490869,37,Ajman,0,0
319,866.5415090883216,12,8,0.5718091636071537,2,Dubai,1,0
320,1326.190201006517,28,3,0.9071998215606223,27,Ajman,0,0
321,2791.2106570599904,11,5,0.9429838168160425,55,Dubai,1,1
322,3601.5200212303052,6,9,0.4223845221843059,25,Abu Dhabi,1,1
323,3334.967145916883,1,4,0.3773136614063236,29,Sharjah,1,1
324,1471.67609503512,12,9,0.9363211539691568,12,Ajman,1,0
325,4778.839875249651,13,0,0.6751400611496681,12,Abu Dhabi,0,1
326,3715.6948918092658,26,8,0.11602268134816929,1,Abu Dhabi,0,1
327,2816.3348573058634,16,0,0.042291749222681196,36,Ajman,0,1
328,3097.431656548326,8,7,0.5646290509972631,48,Ajman,1,1
329,2156.0403058961706,16,8,0.9301709654384246,37,Abu Dhabi,1,1
330,1313.8818485556715,7,8,0.8442487024058184,1,Dubai,1,0
331,1844.2661253911817,1,0,0.6758477464643364,35,Abu Dhabi,0,0
332,3813.4459412754086,27,1,0.13911584889108752,53,Ajman,0,1
333,170.52809428580377,23,0,0.2542313837486956,25,Abu Dhabi,0,0
334,668.7559384838895,12,9,0.8755112265526162,10,Dubai,1,0
335,325.41294590658845,2,1,0.18280723665690046,7,Sharjah,0,0
336,299.5711313629537,15,9,0.27843940825043456,43,Sharjah,1,0
337,4291.756861653936,5,7,0.12960065119544195,39,Abu Dhabi,1,1
338,3547.923510962116,18,4,0.6761082314144111,42,Dubai,1,1
339,2423.4517625278936,29,6,0.9439823053632096,21,Sharjah,0,1
340,579.3873871899073,6,1,0.26896803159538596,19,Abu Dhabi,0,0
341,2508.9177880724787,9,7,0.4754066078500737,7,Abu Dhabi,1,1
342,2420.0116768247717,8,5,0.6343397397112043,28,Dubai,1,1
343,948.6891625590744,1,7,0.9994662482156307,39,Ajman,1,0
344,2225.873081266068,27,0,0.10480806499757211,25,Abu Dhabi,0,1
345,2052.6731985471297,27,0,0.49857079950570915,29,Ajman,0,1
346,3117.6654804558607,14,6,0.38512011990250006,16,Ajman,1,1
347,3211.958889251455,29,7,0.8658201652223552,19,Sharjah,1,1
348,321.98964788301816,4,2,0.4759677310116559,51,Ajman,1,0
349,1935.601811669709,28,4,0.11097752458514809,54,Dubai,1,0
350,3166.7135869997583,21,0,0.6344241452865836,15,Sharjah,0,1
351,2565.3676670424297,3,6,0.7707806182638798,45,Sharjah,1,1
352,4296.800221822779,19,4,0.0028812516656145926,42,Sharjah,1,1
353,3327.5987949328305,3,7,0.8589566854206295,6,Abu Dhabi,1,1
354,898.3786926990055,17,7,0.18602300000566563,15,Abu Dhabi,1,0
355,445.78686226210624,3,8,0.5520693646533779,44,Ajman,1,0
356,3247.8544632109465,26,6,0.41579750068745014,58,Sharjah,1,1
357,229.9054216539469,16,0,0.7196538166105304,46,Sharjah,0,0
358,2970.30034823997,11,2,0.37116161478574183,55,Dubai,1,1
359,4707.128182982292,21,7,0.8697631766817108,47,Ajman,1,1
360,2919.823471591807,16,2,0.7304963609587902,26,Dubai,0,1
361,2002.0326384119574,9,7,0.6477131710629215,52,Ajman,1,1
362,3252.1122703675305,21,0,0.7962405955628543,22,Ajman,0,1
363,2345.4391634084313,0,4,0.7540230349283823,23,Abu Dhabi,1,1
364,2773.522267648081,21,3,0.03593867492155334,8,Abu Dhabi,0,1
365,4713.177563004973,25,4,0.39473435384482813,34,Dubai,0,1
366,1991.9029252237938,23,7,0.9308072973164898,50,Ajman,1,0
367,4809.833762737179,26,9,0.12572426899222622,19,Sharjah,1,1
368,4536.218145584712,17,3,0.7370965504320512,36,Abu Dhabi,1,1
369,1059.3765604675525,17,3,0.9745918113353297,41,Sharjah,1,0
370,439.8703742883107,13,2,0.052198629044971634,16,Dubai,0,0
371,593.8122067493906,14,6,0.6821938806266105,46,Abu Dhabi,1,0
372,189.28694569259366,28,2,0.4681541413010304,30,Abu Dhabi,0,0
373,562.7705077040491,11,2,0.5791752553747221,54,Ajman,1,0
374,3446.7331897401486,3,9,0.08534133648432485,56,Dubai,1,1
375,448.82437745512203,26,4,0.04300695186693948,7,Ajman,0,0
376,1662.9805884394304,2,4,0.6668666605509217,14,Abu Dhabi,0,0
377,4239.889023750327,19,5,0.8233094298207179,30,Dubai,1,1
378,214.03248510554675,28,7,0.7820153349329673,52,Abu Dhabi,1,0
379,4090.8955646857853,11,9,0.5438057278662374,29,Dubai,1,1
380,1481.0883963896597,6,5,0.09986682113617817,45,Abu Dhabi,1,0
381,679.0076553461156,28,0,0.6880444438360138,19,Sharjah,0,0
382,3514.012110284338,10,7,0.24188888355414595,59,Sharjah,1,1
383,3181.8199492214317,0,7,0.9110687027673836,38,Ajman,1,1
384,4399.6128662825595,5,8,0.8382653595457049,52,Sharjah,1,1
385,3701.8481146390404,14,8,0.7093829670873909,54,Abu Dhabi,1,1
386,4037.056558885758,14,1,0.9488459558311304,11,Abu Dhabi,0,1
387,1481.9694055994019,18,1,0.03142182151127293,48,Sharjah,0,0
388,969.4537645206418,10,2,0.736200425060762,16,Ajman,0,0
389,3778.012283040206,25,0,0.33024277933640533,41,Sharjah,0,1
390,4053.4902224095936,22,3,0.9060658856863653,29,Dubai,0,1
391,4953.475195803299,25,3,0.2666751966619776,28,Dubai,0,1
392,2121.8266168659898,1,8,0.724856499315017,18,Dubai,1,1
393,1922.8886203846375,13,8,0.8776470196507814,45,Sharjah,1,0
394,3904.4235076357845,1,8,0.041656818382682426,10,Sharjah,1,1
395,1769.9373472397874,28,9,0.3976475795920361,33,Sharjah,1,0
396,4660.710895457467,3,6,0.7623090320219387,49,Dubai,1,1
397,4306.222484030758,16,1,0.4549188895075871,6,Ajman,0,1
398,2202.07073413759,2,9,0.2672526297935953,43,Abu Dhabi,1,1
399,3779.2682321783373,12,4,0.21980534882319003,57,Sharjah,1,1
400,3797.2600830149436,8,3,0.1315182669163779,33,Ajman,1,1
401,605.3069572960698,6,7,0.8571295598562823,58,Abu Dhabi,1,0
402,4522.509242729877,14,1,0.575355403251556,19,Abu Dhabi,0,1
403,2575.7366249945,22,5,0.07638494499145598,49,Abu Dhabi,1,1
404,4149.641583927934,28,4,0.3825803235706354,37,Ajman,1,1
405,1668.2430450499976,28,1,0.3677336508051099,23,Ajman,0,0
406,4488.063819631382,10,9,0.18173919070946298,9,Dubai,1,1
407,2007.0882257973992,19,0,0.4355076254721907,31,Ajman,0,1
408,153.10449225346196,1,7,0.33209936539313645,51,Ajman,1,0
409,4536.3716844543915,14,1,0.34180370549218253,14,Ajman,0,1
410,547.3047162520545,13,6,0.7390265577879587,36,Abu Dhabi,1,0
411,1664.636824193033,19,8,0.2232633855051963,19,Sharjah,1,0
412,4755.303638548944,21,8,0.6418599588553554,2,Dubai,1,1
413,4757.9750199940245,10,7,0.5706496238809349,36,Sharjah,1,1
414,2909.845651804102,26,9,0.5680925123378673,56,Sharjah,1,1
415,3196.0023396320166,2,8,0.6630073461417759,39,Ajman,1,1
416,2297.3830576937667,16,1,0.548382036195654,7,Dubai,0,1
417,1536.732781320516,29,5,0.8792551148463846,39,Sharjah,1,0
418,1710.4562723125882,11,3,0.6755800919502598,43,Sharjah,1,0
419,3395.340434777488,23,3,0.5469632513713881,55,Dubai,1,1
420,3786.635194244632,27,4,0.8297631202876449,22,Ajman,0,1
421,3978.737314256658,28,2,0.6061465649334797,39,Sharjah,0,1
422,3969.128899693314,20,0,0.291144247785179,10,Abu Dhabi,0,1
423,546.9099049385828,14,7,0.20709491817657122,45,Sharjah,1,0
424,2522.659493042649,15,4,0.1523277856626788,7,Abu Dhabi,0,1
425,382.037924081557,4,2,0.8994552125461016,28,Ajman,0,0
426,2792.691523386304,26,9,0.7101354317980658,29,Sharjah,1,1
427,2263.4994567295475,19,6,0.9373784381643208,55,Dubai,1,1
428,4449.750495515669,5,6,0.603291805714943,59,Dubai,1,1
429,1819.4835615051857,18,0,0.47340088149491255,9,Sharjah,0,0
430,673.6283804952687,24,8,0.059716488970889325,38,Ajman,1,0
431,800.6592420588956,4,1,0.6716422815460298,27,Ajman,0,0
432,3831.402095415614,2,4,0.5822087597682312,48,Dubai,1,1
433,3129.2685102496794,26,4,0.9902088935876214,35,Sharjah,1,1
434,595.5011130016721,0,7,0.23915877778224304,12,Ajman,1,0
435,512.1233499634875,25,7,0.5307373552868359,31,Dubai,1,0
436,3534.748744149688,27,6,0.6509573351180726,35,Abu Dhabi,1,1
437,456.5387311845483,5,6,0.6445911747423436,36,Sharjah,1,0
438,4127.114290522745,14,5,0.5612935429484027,25,Abu Dhabi,1,1
439,3560.5869130668316,1,5,0.7769280103272255,21,Abu Dhabi,1,1
440,498.60902514530886,28,8,0.20498120952681642,3,Ajman,0,0
441,515.7047990174403,2,5,0.7256272002744159,30,Ajman,1,0
442,4934.533934655759,16,1,0.6197345714330892,17,Ajman,0,1
443,1933.9268992049895,24,1,0.8960751117945733,37,Sharjah,0,0
444,1916.1465206277655,23,4,0.8471944390335817,23,Abu Dhabi,0,0
445,4082.7178795617624,11,3,0.31514703913255326,55,Sharjah,1,1
446,4741.518029180907,17,1,0.2762373249751531,22,Ajman,0,1
447,4931.405212732067,14,2,0.9816533238524479,21,Abu Dhabi,0,1
448,3791.553107768814,11,6,0.5272651809152565,1,Sharjah,0,1
449,1943.6719691014873,15,7,0.9064209639144368,30,Sharjah,1,0
450,509.15351182347695,26,5,0.1638810237804822,54,Dubai,1,0
451,3908.0198880444404,7,4,0.6428189148001743,10,Sharjah,0,1
452,2836.1808237054447,27,0,0.8098601873605862,27,Ajman,0,1
453,2178.687845310184,13,7,0.9473952495864468,45,Sharjah,1,1
454,4541.136486964207,24,2,0.3373401410170235,31,Abu Dhabi,0,1
455,644.8676633001415,16,5,0.7249811699240525,4,Sharjah,0,0
456,2513.8630110252097,28,2,0.538813009039619,37,Dubai,0,1
457,155.63285936035345,20,6,0.06062892606646819,9,Abu Dhabi,0,0
458,2396.4371457712186,7,6,0.6899997373089434,39,Abu Dhabi,1,1
459,375.886050841003,14,8,0.6900965582378434,45,Dubai,1,0
460,682.2077897135524,26,4,0.930606804846537,23,Ajman,0,0
461,675.878609207814,13,7,0.4973124461689724,34,Abu Dhabi,1,0
462,3281.1304803687117,17,9,0.23025092071051467,43,Ajman,1,1
463,3755.6199084005743,19,9,0.04456382344867915,47,Abu Dhabi,1,1
464,2958.506948976082,6,7,0.4156421866859057,59,Abu Dhabi,1,1
465,4814.645487525256,2,0,0.3019167000775018,22,Ajman,0,1
466,1936.86583966615,28,4,0.7610883060238756,16,Abu Dhabi,0,0
467,1499.9892227811176,11,2,0.3542677648410466,0,Ajman,0,0
468,4356.135728128355,20,0,0.9490711963148439,54,Dubai,0,1
469,1195.619608745318,23,3,0.9623102029877842,30,Ajman,0,0
470,4819.790443258996,27,7,0.6209085902177081,30,Dubai,1,1
471,159.55692598010006,25,2,0.9286602870148829,41,Abu Dhabi,0,0
472,4852.4062508674315,2,9,0.7608543445144956,56,Ajman,1,1
473,311.483568557823,19,1,0.5468596409751262,54,Abu Dhabi,1,0
474,4466.601257120548,13,8,0.18030793542277812,41,Ajman,1,1
475,2685.735434522869,14,9,0.45859794351384,52,Dubai,1,1
476,4965.527500984572,24,4,0.5608744633626176,55,Dubai,1,1
477,461.6031672034544,29,6,0.8639615807350102,33,Ajman,1,0
478,2813.885993566472,13,1,0.4813333765356649,8,Dubai,0,1
479,4849.582424533585,6,8,0.8976746726779566,21,Abu Dhabi,1,1
480,2663.1794364337293,16,8,0.6743489790234689,12,Abu Dhabi,1,1
481,3184.0533268627864,29,3,0.13699906305367138,24,Sharjah,0,1
482,3509.168576024624,11,3,0.994981369325093,47,Dubai,1,1
483,2327.251217362089,19,5,0.5272326607539126,17,Abu Dhabi,0,1
484,3175.034592411911,3,9,0.3918582964090789,50,Ajman,1,1
485,2963.140128423191,8,9,0.6591137644695265,11,Dubai,1,1
486,4515.674251405846,5,9,0.10889331398103907,39,Abu Dhabi,1,1
487,322.68726367314355,15,5,0.6365386467533544,16,Dubai,0,0
488,1476.7196290019285,24,0,0.49823600049927297,14,Ajman,0,0
489,4757.016271975138,27,8,0.40667406999858313,41,Abu Dhabi,1,1
490,4462.29254106549,21,1,0.9530200211788992,14,Sharjah,0,1
491,2332.718088649993,21,4,0.5225397167320532,14,Sharjah,0,1
492,3138.64972922753,20,8,0.21911747946993843,54,Dubai,1,1
493,1459.1677966075501,20,3,0.45896347937729864,38,Ajman,0,0
494,1021.7936826464304,1,2,0.9193874045726727,12,Abu Dhabi,0,0
495,2372.1221842059126,23,6,0.17609547133059467,16,Ajman,0,1
496,1831.425917327659,7,5,0.2139570386882369,31,Abu Dhabi,1,0
497,2959.914948069273,10,7,0.013029567757083749,8,Dubai,1,1
498,480.8997211284257,12,2,0.01419004939576718,39,Abu Dhabi,0,0
499,4874.534557564216,16,4,0.8293916269585125,19,Ajman,0,1
500,4932.432647950054,7,9,0.7321226068429558,25,Ajman,1,1
501,3520.992398696751,20,3,0.35504105645195827,26,Dubai,0,1
502,2726.87219508619,17,3,0.6983111572275728,20,Ajman,0,1
503,1616.685319803006,29,3,0.3952059263099702,17,Abu Dhabi,0,0
504,4087.5955965640487,17,9,0.9528967959978275,12,Dubai,1,1
505,3455.1827455140083,13,7,0.9670526814260348,15,Abu Dhabi,1,1
506,896.8230027899674,14,5,0.3927937758093434,8,Ajman,0,0
507,4563.543204019828,5,2,0.854221906340868,11,Dubai,0,1
508,4130.432490323528,10,9,0.7730890416974662,43,Abu Dhabi,1,1
509,4754.019575130428,12,4,0.3099999371717893,37,Ajman,1,1
510,3656.025591102964,24,5,0.23203982890110597,18,Ajman,0,1
511,3105.7344600853703,0,4,0.45823465039283384,59,Sharjah,1,1
512,2149.3908778240325,27,5,0.7813488406144062,6,Ajman,0,1
513,4670.369568434665,5,7,0.9601677847287454,56,Abu Dhabi,1,1
514,4343.713058552001,8,6,0.7635790688665726,34,Dubai,1,1
515,321.5714835203281,7,4,0.85520698501837,47,Sharjah,1,0
516,229.19817503653482,10,9,0.6030643061705165,17,Ajman,1,0
517,1944.670497702443,21,5,0.8354078308421259,15,Ajman,0,0
518,4071.711320830981,18,3,0.7844208580034177,54,Ajman,1,1
519,4937.653033643228,23,8,0.3769855419262801,38,Abu Dhabi,1,1
520,837.0427664072881,8,3,0.5519903021207211,3,Sharjah,0,0
521,3011.240505225462,16,0,0.8047531219896948,58,Abu Dhabi,0,1
522,1966.3651974920053,11,6,0.04605673418995637,24,Sharjah,1,0
523,4852.580549291556,24,6,0.8080792823558299,31,Dubai,1,1
524,4226.382723364973,13,3,0.17788812404902343,39,Abu Dhabi,1,1
525,4207.810653084575,14,2,0.514683617121439,12,Abu Dhabi,0,1
526,2396.5964829953546,15,7,0.8082754395559376,44,Dubai,1,1
527,2132.6155614545596,21,4,0.25382107815669486,16,Sharjah,0,1
528,1439.6946524604605,21,9,0.245807439306153,48,Ajman,1,0
529,376.2399335895429,27,6,0.40276439846225187,36,Dubai,1,0
530,4337.139643649761,19,3,0.8946427975776345,5,Ajman,0,1
531,4083.21494473738,0,3,0.0004427814372078842,18,Ajman,0,1
532,4998.61659910204,9,7,0.9013830966419349,12,Dubai,1,1
533,4983.520501662137,7,7,0.15380702464160778,56,Sharjah,1,1
534,2821.6153574528744,17,1,0.9900863760674821,59,Ajman,1,1
535,3868.0383343845015,27,1,0.9548469930384681,25,Dubai,0,1
536,4729.352076423897,0,2,0.4946751895912833,13,Abu Dhabi,0,1
537,4263.272214319316,1,2,0.5127202478126281,30,Abu Dhabi,0,1
538,1312.0056985416686,0,0,0.4815493402758543,53,Abu Dhabi,1,0
539,2307.6662630194583,0,2,0.6354436456595226,3,Dubai,0,1
540,732.8811342423254,8,5,0.09072170223493103,59,Abu Dhabi,1,0
541,4774.85003356774,12,7,0.032617948341566505,38,Ajman,1,1
542,3070.255708809312,29,9,0.05770292841589886,7,Abu Dhabi,1,1
543,1220.3497469669674,0,5,0.4443653492415144,24,Abu Dhabi,1,0
544,3391.333353588698,12,4,0.2755479392194834,12,Ajman,0,1
545,3128.8283782436897,19,3,0.6220395623709938,31,Abu Dhabi,0,1
546,1854.9973183609184,25,2,0.992442289374779,58,Ajman,1,0
547,656.4322017781822,21,3,0.3863231730764659,37,Abu Dhabi,0,0
548,3390.708658404718,6,6,0.5738412541045134,37,Ajman,1,1
549,2649.5077344285874,1,0,0.4156038959073355,55,Abu Dhabi,1,1
550,3884.3601195046326,5,6,0.8472716677218594,27,Ajman,1,1
551,2648.8011554487675,6,0,0.9022364034622381,52,Dubai,1,1
552,4275.689351560846,25,1,0.87735561220526,29,Ajman,0,1
553,2804.3435099949793,13,3,0.9743722386792576,2,Abu Dhabi,0,1
554,2848.5960605233927,25,0,0.027519185140415292,27,Abu Dhabi,0,1
555,4395.6026530258905,17,8,0.839816162145531,2,Sharjah,1,1
556,2077.066044440746,14,5,0.7517721730390933,44,Ajman,1,1
557,756.6746194081396,1,0,0.22869440940036478,53,Dubai,1,0
558,241.03511393536095,9,0,0.9563200933875275,33,Ajman,0,0
559,3800.1725528007332,22,5,0.14817792822994547,15,Ajman,0,1
560,3139.5168016319767,11,3,0.6795499271339084,21,Dubai,0,1
561,3549.9908636861956,16,3,0.22489021681591248,31,Ajman,0,1
562,1143.5243913936627,7,5,0.43138064877407467,37,Dubai,1,0
563,768.2202303751718,10,6,0.7191598969445689,7,Dubai,1,0
564,171.26886177262145,28,8,0.5633246420330467,54,Ajman,1,0
565,1817.8790381523252,2,9,0.4275018313281117,7,Ajman,1,0
566,2990.5966655877023,26,4,0.3263384309319872,56,Abu Dhabi,1,1
567,2021.9958209886884,5,8,0.8396596557087903,5,Abu Dhabi,1,1
568,2243.6271179162723,8,3,0.1438143503148137,13,Sharjah,0,1
569,4530.377603019368,5,9,0.43010287652980006,31,Sharjah,1,1
570,1806.4517884141717,8,1,0.9037575717751422,34,Ajman,0,0
571,2618.548496883073,6,2,0.8458495504599677,9,Dubai,0,1
572,3939.899762431601,8,0,0.4009417624730467,2,Sharjah,0,1
573,2043.0596333742237,17,5,0.7631083636013083,58,Ajman,1,1
574,3148.22483111658,11,5,0.8231608307088593,11,Sharjah,0,1
575,4325.582172859052,7,0,0.8888874240036297,48,Dubai,0,1
576,4752.651055922446,7,2,0.544505769049228,58,Ajman,1,1
577,820.6600565522859,17,4,0.2044608860547118,30,Dubai,1,0
578,4640.279363291323,27,2,0.25530907650393164,28,Ajman,0,1
579,2511.369836089737,29,9,0.2956946740416042,4,Sharjah,1,1
580,1365.397502664896,19,2,0.5938024808096155,51,Abu Dhabi,1,0
581,2349.7652055674803,29,9,0.03280962412860844,24,Sharjah,1,1
582,4902.159618898838,14,2,0.6360424687799683,40,Sharjah,0,1
583,2513.828660565061,26,4,0.364354238428232,30,Abu Dhabi,0,1
584,1710.8828904087902,6,4,0.29524180248964216,20,Abu Dhabi,1,0
585,3203.664186151956,10,3,0.8794965707281264,57,Ajman,1,1
586,1276.713532013146,19,0,0.4600023955807989,19,Ajman,0,0
587,471.7303077324532,15,4,0.09505304553269278,38,Dubai,1,0
588,731.5106373621812,3,9,0.826746768026247,21,Dubai,1,0
589,727.424610893085,5,4,0.0476412574365066,3,Sharjah,0,0
590,844.3231982102424,25,3,0.7267492241681967,12,Abu Dhabi,0,0
591,780.2531459821097,21,5,0.7739062217706651,44,Dubai,1,0
592,3240.2862495357517,25,9,0.35260260592885817,41,Sharjah,1,1
593,991.2124135558097,2,3,0.8247878562777867,49,Abu Dhabi,1,0
594,1793.7696882869297,8,6,0.5156594058564534,48,Ajman,1,0
595,4494.263208539458,27,6,0.4632936532727968,19,Sharjah,0,1
596,2422.4120372880743,9,1,0.04540328146869255,51,Ajman,1,1
597,3371.0329187530333,13,2,0.2900291936489059,12,Dubai,0,1
598,944.3673688879862,10,0,0.9310099708852998,16,Dubai,0,0
599,1042.2161921624868,17,7,0.3918239632835,53,Abu Dhabi,1,0
600,300.2562197057464,21,8,0.5467005205567683,35,Sharjah,1,0
601,927.7818090536063,11,3,0.5320216789842518,32,Ajman,1,0
602,1465.0926612565972,22,5,0.5904310898226933,0,Abu Dhabi,0,0
603,967.3513729560594,11,8,0.061330955643282614,14,Dubai,1,0
604,534.6424154095725,12,5,0.3621762547987283,12,Dubai,0,0
605,691.115768392944,24,8,0.7231282738825542,16,Sharjah,1,0
606,2357.8159633603564,12,3,0.20056025107298292,23,Ajman,0,1
607,1111.0352201883834,18,7,0.20357837754636043,57,Sharjah,1,0
608,1884.9223191355698,25,8,0.010090606689024728,7,Ajman,1,0
609,2566.744627188799,18,3,0.4374819266082097,49,Ajman,1,1
610,3482.93466028389,22,4,0.882734380673422,26,Sharjah,0,1
611,292.6294852213848,13,7,0.05190094358730901,44,Abu Dhabi,1,0
612,4017.110954654309,3,9,0.19111870949600263,22,Sharjah,1,1
613,3176.711908505448,12,5,0.31008453834275507,45,Sharjah,1,1
614,500.61925654947237,7,6,0.7317247365642129,7,Dubai,1,0
615,4380.535258123208,28,2,0.6406355928025865,7,Dubai,0,1
616,4612.2747626058845,22,6,0.41594390458185504,58,Sharjah,1,1
617,399.28200328883236,20,7,0.7590689392583757,25,Sharjah,1,0
618,1456.7004759212982,22,9,0.6096310116569019,46,Dubai,1,0
619,4050.3862709860005,18,5,0.8960407996572191,58,Ajman,1,1
620,3766.472482879926,11,9,0.818026749138693,12,Sharjah,1,1
621,1004.1529948462489,17,8,0.25281360608920056,38,Abu Dhabi,1,0
622,1125.8116843498806,5,5,0.2714385776342002,36,Abu Dhabi,1,0
623,1915.3133036777717,17,8,0.12535647579238562,48,Abu Dhabi,1,0
624,2474.1626274360046,18,3,0.3369647257174565,27,Sharjah,0,1
625,3129.44838049845,21,7,0.9995439187190943,24,Ajman,1,1
626,1907.6768338918848,4,3,0.405751168615061,15,Ajman,0,0
627,2366.420109052425,23,1,0.2204884346891064,54,Dubai,0,1
628,3762.607596855407,8,9,0.762482884475553,1,Sharjah,1,1
629,279.74769416392974,26,8,0.5424710034626561,53,Ajman,1,0
630,1336.9410272857017,2,4,0.14960144952695253,17,Sharjah,1,0
631,3595.412970834307,27,3,0.38068968116086577,16,Dubai,0,1
632,4486.513504667277,9,1,0.4144697155393433,29,Dubai,0,1
633,2607.219466366764,18,0,0.7538297005692186,38,Dubai,0,1
634,2707.356077800047,2,6,0.020671368891904462,12,Abu Dhabi,1,1
635,625.1428555649027,28,5,0.2690196467983105,31,Sharjah,1,0
636,2292.3205974349275,28,1,0.517596301315522,49,Dubai,0,1
637,2709.8246056296134,21,7,0.26884674245284335,28,Sharjah,1,1
638,1288.1054678101752,14,3,0.6284340474189989,45,Abu Dhabi,1,0
639,1419.2918316519667,0,7,0.4818674792746166,29,Abu Dhabi,1,0
640,1948.692399212651,6,6,0.36171025485958064,17,Dubai,1,0
641,198.3488691108592,11,4,0.9492086268705122,12,Dubai,0,0
642,1678.1879113575735,16,9,0.6321594991864574,42,Ajman,1,0
643,1136.0952342830687,29,9,0.12994137226794122,20,Sharjah,1,0
644,1704.7370256717818,20,7,0.5600916974433955,29,Dubai,1,0
645,686.834445914331,25,8,0.780731853200901,20,Ajman,1,0
646,4463.583675625485,28,4,0.7084896974927973,47,Sharjah,1,1
647,3008.6030224148385,23,9,0.17208922929525938,54,Dubai,1,1
648,3427.601363807999,19,4,0.9724199990401033,16,Ajman,0,1
649,3966.9390691759577,4,1,0.448813645746606,39,Ajman,0,1
650,2542.3667747523805,3,4,0.1590250037402613,18,Sharjah,1,1
651,525.9094116283761,27,2,0.18019575412814792,51,Ajman,0,0
652,2731.822054910884,11,6,0.0982349921890805,14,Sharjah,1,1
653,2975.5214783023075,29,9,0.8035181084349343,8,Sharjah,1,1
654,3752.653423503217,19,4,0.12203049432184865,51,Sharjah,1,1
655,2215.131776525429,27,7,0.12512525714174694,9,Abu Dhabi,0,1
656,725.1434836982625,23,0,0.8504716147608377,43,Ajman,0,0
657,1490.50193841375,17,2,0.34460408444755963,30,Sharjah,0,0
658,1879.103252353312,16,2,0.030857904308072448,52,Dubai,1,0
659,3264.994482524846,18,8,0.051895299518410876,22,Abu Dhabi,1,1
660,2896.813692877668,8,4,0.14217044670389556,51,Abu Dhabi,1,1
661,1844.8739568994465,3,8,0.21339334797568954,29,Ajman,1,0
662,4933.9247190856,25,8,0.6651461942384054,32,Sharjah,1,1
663,3068.296614848747,20,0,0.15732628000182824,56,Ajman,0,1
664,1262.411279506373,1,1,0.11887439117707199,51,Abu Dhabi,1,0
665,598.7341158399784,3,4,0.7647191414762792,8,Sharjah,0,0
666,849.009782003227,1,3,0.6710552838599144,53,Dubai,1,0
667,1305.1928690840898,14,9,0.4353242214552362,46,Sharjah,1,0
668,887.3387289718228,1,8,0.549309771480104,0,Abu Dhabi,1,0
669,1014.1784178513982,3,6,0.3119840203264185,43,Dubai,1,0
670,1496.9663265998508,5,5,0.48250042023536066,34,Sharjah,1,0
671,949.5306169442987,6,6,0.5066726489827458,10,Dubai,1,0
672,4494.150580669483,9,0,0.3872372711780959,33,Dubai,0,1
673,493.14535374204684,18,0,0.9065722106721628,15,Abu Dhabi,0,0
674,2670.1058088942477,18,7,0.016061864981006146,8,Dubai,1,1
675,2110.9444522493413,25,1,0.7821712630912462,31,Ajman,0,1
676,4913.655222852171,21,9,0.12438283124132432,14,Abu Dhabi,1,1
677,648.9906206234565,28,8,0.7975473605371994,11,Ajman,1,0
678,2049.492435324134,11,6,0.6159119156767212,32,Dubai,1,1
679,4850.405123049308,2,5,0.8432780909364024,44,Ajman,1,1
680,4340.984916880503,12,0,0.09751432564089746,13,Sharjah,0,1
681,4103.653147651472,17,0,0.558980634099774,56,Dubai,0,1
682,1363.7238525202051,7,1,0.5010878802621971,56,Sharjah,1,0
683,937.3491782113225,20,5,0.7061931829633586,7,Ajman,0,0
684,3376.3517776297117,14,5,0.5342905518936758,7,Sharjah,0,1
685,4653.94234672517,0,1,0.5407345671331042,26,Dubai,0,1
686,2828.138175768256,2,0,0.4295959435760647,11,Sharjah,0,1
687,2900.9021784025094,25,9,0.30883442400734085,0,Ajman,1,1
688,1471.8975589353925,7,4,0.4822643612521922,42,Ajman,1,0
689,3870.515372640491,3,4,0.11849235876840059,39,Ajman,1,1
690,1016.5143679318645,15,1,0.9615133389830848,41,Dubai,0,0
691,1686.0282583807941,29,5,0.7144107636265983,50,Ajman,1,0
692,2184.638549220442,22,8,0.9524671166878468,10,Dubai,1,1
693,2587.2908555538297,9,1,0.22672738232996326,38,Sharjah,0,1
694,1287.807688833893,11,9,0.879341020176528,42,Ajman,1,0
695,662.7004412220973,13,1,0.8087899845635385,30,Sharjah,0,0
696,3092.038207964,13,2,0.6771524124576737,16,Abu Dhabi,0,1
697,1514.2897108772534,1,6,0.6250291860852057,32,Sharjah,1,0
698,2948.0672849708003,22,5,0.31654966526787,31,Abu Dhabi,1,1
699,856.3773048435913,4,7,0.8164107849650307,57,Sharjah,1,0
700,2457.5864990886057,4,7,0.5015154614797338,28,Dubai,1,1
701,2709.6882195027706,5,5,0.07089157589128536,20,Sharjah,1,1
702,353.93533042989185,12,9,0.31286316085513,20,Dubai,1,0
703,1749.3609631502109,8,2,0.9352970985453276,39,Dubai,1,0
704,758.6319170009738,29,2,0.8506802606048463,22,Ajman,0,0
705,410.53735531656196,21,0,0.9819056980765392,55,Dubai,0,0
706,4950.805138710732,27,6,0.6279933826040981,5,Abu Dhabi,0,1
707,1679.5338403761425,28,4,0.24751007314041196,21,Ajman,0,0
708,4068.3847846877106,14,3,0.16281504967686378,49,Ajman,1,1
709,1347.739208342443,13,9,0.18691444060846163,37,Sharjah,1,0
710,3439.3633388972535,23,3,0.019795658347254386,36,Dubai,0,1
711,3825.116513459464,6,3,0.3906821109859392,44,Dubai,1,1
712,3018.6298289784368,24,5,0.1914276804995425,50,Abu Dhabi,1,1
713,2410.723323895776,19,7,0.4116554604567024,53,Sharjah,1,1
714,2118.0204793216158,1,7,0.9349944318387654,7,Sharjah,1,1
715,1809.454506060677,6,4,0.43054020950718996,40,Ajman,1,0
716,4654.692806814347,5,5,0.8779844969848348,48,Ajman,1,1
717,4170.035098159873,16,3,0.6055047666158765,34,Ajman,0,1
718,4828.631862265912,26,8,0.24713155466139192,50,Abu Dhabi,1,1
719,709.0563950791692,24,7,0.3558547592592114,10,Abu Dhabi,1,0
720,3681.2506284978567,24,9,0.08391953582142941,23,Ajman,1,1
721,4697.868238423085,27,9,0.3334625935960105,48,Sharjah,1,1
722,988.0420242117348,1,0,0.677540945503534,20,Abu Dhabi,0,0
723,425.83171009720974,2,1,0.07211109292943518,50,Sharjah,1,0
724,3731.4911815212895,4,8,0.20540140847802935,1,Sharjah,1,1
725,2914.9182545815684,4,7,0.3814410414133115,39,Dubai,1,1
726,4224.961006115533,0,2,0.9820495370159625,18,Ajman,0,1
727,784.8846454688186,7,7,0.7848618229588802,38,Dubai,1,0
728,3996.809828113462,11,0,0.7334867464921039,27,Ajman,0,1
729,1087.9738682339482,23,9,0.11619095652544598,58,Ajman,1,0
730,901.9141200419521,3,3,0.7809958936149914,16,Sharjah,0,0
731,904.9024098618654,12,2,0.7852688115160151,5,Ajman,0,0
732,4091.4161291337723,22,5,0.6011026956243283,18,Sharjah,0,1
733,3359.4663814113806,14,6,0.9903617819983719,55,Sharjah,1,1
734,2663.020581368685,10,3,0.32525390592455194,37,Ajman,1,1
735,1858.2693722051622,9,6,0.9412724482418516,27,Sharjah,1,0
736,4398.28264998423,2,8,0.9147311149565036,1,Sharjah,1,1
737,2022.9810263709135,21,1,0.011480659749377842,37,Sharjah,0,1
738,4101.3372534107275,13,2,0.45011652647481104,54,Abu Dhabi,1,1
739,2251.7610519940704,15,4,0.9771042330515733,36,Sharjah,1,1
740,1947.027704182047,9,2,0.10312136240807579,50,Abu Dhabi,1,0
741,2367.1309497810716,28,7,0.5477846943833194,51,Abu Dhabi,1,1
742,1576.7515834042963,9,9,0.9789575070411041,3,Sharjah,1,0
743,3763.2859628636306,11,7,0.5554954241058602,21,Sharjah,1,1
744,2563.329911453148,29,7,0.18981530297215599,25,Abu Dhabi,1,1
745,1237.8422062194047,8,8,0.5821832300925898,48,Abu Dhabi,1,0
746,4507.915409045386,0,3,0.20444057394954684,42,Sharjah,1,1
747,1981.0669847287359,4,4,0.5197042628944842,35,Sharjah,1,0
748,2763.409019458544,19,4,0.074042217912348,57,Ajman,1,1
749,4541.71334372628,7,7,0.6054826692144046,12,Abu Dhabi,1,1
750,3158.7661799785615,10,6,0.5167899391281582,51,Abu Dhabi,1,1
751,672.800399470984,11,8,0.7401613687614631,57,Ajman,1,0
752,4705.177405706028,0,7,0.630700471158785,31,Abu Dhabi,1,1
753,3175.7694600499476,24,1,0.5496062685307567,16,Dubai,0,1
754,1741.037511819722,21,9,0.6897788492481212,40,Abu Dhabi,1,0
755,782.4331560505975,19,3,0.14394191357223085,35,Ajman,0,0
756,3990.72342742445,27,5,0.5953596612586041,54,Dubai,1,1
757,3138.356504049716,24,1,0.17211060282277768,59,Sharjah,1,1
758,2713.9593506839756,10,6,0.9255222078518809,45,Ajman,1,1
759,4480.073656949692,4,2,0.0683341048456042,18,Ajman,0,1
760,3964.1263350002005,14,2,0.43037474969079326,57,Sharjah,1,1
761,843.2069106904808,4,1,0.6957974776554449,59,Ajman,1,0
762,1627.4381321981864,11,7,0.45802221166825874,34,Abu Dhabi,1,0
763,1317.5967850908821,4,5,0.09209525323290235,45,Sharjah,1,0
764,3745.336833606117,16,0,0.5533790161267074,39,Ajman,0,1
765,264.308930205319,16,0,0.6416319088273545,55,Sharjah,0,0
766,2892.459455869451,23,6,0.7037923109905077,58,Sharjah,1,1
767,3836.047560129384,11,7,0.3732598144627589,27,Sharjah,1,1
768,4396.151620132572,23,4,0.5636599710287622,0,Dubai,0,1
769,1776.2005687079466,27,4,0.4506864749389131,41,Ajman,1,0
770,4124.160792892862,14,3,0.6720560387522534,17,Dubai,0,1
771,642.0955110805154,14,5,0.5835569673248185,47,Ajman,1,0
772,4247.616229499139,5,5,0.5257562195591349,39,Abu Dhabi,1,1
773,724.6944454267139,11,2,0.24952436683824863,32,Abu Dhabi,0,0
774,2046.7077237457995,26,8,0.0020185177482339167,11,Abu Dhabi,1,1
775,4006.747292319813,28,6,0.17408167531142926,7,Ajman,0,1
776,834.5953940089915,19,0,0.11706604142416865,23,Sharjah,0,0
777,1223.3318366399433,17,6,0.44908474501094675,15,Sharjah,1,0
778,3639.0375851260246,13,4,0.6122581507618446,49,Dubai,1,1
779,3628.1790290757644,1,4,0.21308500868480817,3,Dubai,0,1
780,3241.623401137957,8,1,0.9390570959671871,37,Abu Dhabi,0,1
781,3500.34737788879,4,3,0.006682129223887778,43,Dubai,1,1
782,2759.3497724032213,19,5,0.7723010151653429,26,Ajman,1,1
783,1333.8153886440684,25,9,0.6252047695304422,8,Ajman,1,0
784,1793.9103681692052,28,6,0.3735548010476819,46,Dubai,1,0
785,989.8288123269858,0,4,0.05048894441240792,15,Dubai,1,0
786,4551.407750534779,22,8,0.6274865717842794,55,Dubai,1,1
787,2958.61979435399,2,2,0.38561351286564804,11,Dubai,0,1
788,2064.1719421418356,5,0,0.9362671394132192,30,Abu Dhabi,0,1
789,2363.8284378562503,4,3,0.5419900748897659,23,Abu Dhabi,0,1
790,4741.688364097895,20,8,0.9396515112935082,54,Dubai,1,1
791,851.421875268793,26,3,0.2204836934733041,13,Ajman,0,0
792,2972.5261768823066,4,1,0.7257259103641033,44,Abu Dhabi,1,1
793,2578.8545265338835,0,9,0.6172490208487257,24,Ajman,1,1
794,3096.1257536297744,16,4,0.7394082298313118,33,Sharjah,1,1
795,188.73990072211848,18,2,0.2146678639725368,2,Ajman,0,0
796,4373.407153826342,13,8,0.6649945162377737,57,Dubai,1,1
797,4667.379584169701,11,3,0.498040393056869,23,Sharjah,0,1
798,2869.152599587124,9,5,0.7428249749063163,53,Abu Dhabi,1,1
799,3513.589036996772,19,1,0.3270446441518178,41,Abu Dhabi,0,1
800,4620.246967768749,20,5,0.8900570254652526,8,Sharjah,0,1
801,3565.469308135653,17,2,0.08430131461135038,25,Ajman,0,1
802,847.4413102798806,23,8,0.807189318791188,19,Abu Dhabi,1,0
803,2923.8129648173845,26,1,0.8613196258150908,39,Dubai,0,1
804,3072.903727275994,10,8,0.8172523113668212,9,Sharjah,1,1
805,2178.2402893816916,29,4,0.512726394261776,18,Dubai,0,1
806,3708.576754561142,1,7,0.4383849800307613,2,Sharjah,1,1
807,4678.398372368173,24,1,0.9962622865248768,23,Abu Dhabi,0,1
808,4635.285713243204,17,5,0.22917195121416212,4,Ajman,0,1
809,2309.1129198802473,28,2,0.5468759658760446,2,Sharjah,0,1
810,654.8664246197008,24,9,0.6706755253823256,57,Sharjah,1,0
811,4925.721874915439,6,4,0.700867635861432,26,Dubai,1,1
812,4210.600623585077,23,7,0.2040246657385787,15,Abu Dhabi,1,1
813,710.8471378960076,14,9,0.6539940923398012,48,Dubai,1,0
814,4612.125224825124,10,0,0.8183695664813373,14,Abu Dhabi,0,1
815,4362.492174104428,17,4,0.050018576821112215,34,Dubai,1,1
816,2642.306479917753,22,2,0.9115212933253165,11,Sharjah,0,1
817,2997.249635150153,11,3,0.029504055145205932,40,Dubai,1,1
818,2055.1132489636384,5,1,0.35597103248839435,52,Ajman,1,1
819,368.3320302279535,19,8,0.015813196232962068,43,Abu Dhabi,1,0
820,1742.4664840649145,22,2,0.07714516853958187,25,Abu Dhabi,0,0
821,4033.981898130256,29,1,0.9111682851800791,46,Sharjah,0,1
822,122.696912722554,12,9,0.3548608307461478,33,Abu Dhabi,1,0
823,1734.1459412866066,19,8,0.4247715304250529,22,Ajman,1,0
824,2051.026598595622,15,6,0.21534438138255263,30,Dubai,1,1
825,2733.238454395822,17,5,0.5970957701867198,49,Sharjah,1,1
826,4607.292520422527,9,0,0.5948032146777896,19,Ajman,0,1
827,1797.09537239321,27,4,0.37220039182521925,11,Abu Dhabi,0,0
828,1800.0706892915157,22,2,0.33303487180539837,22,Abu Dhabi,0,0
829,3713.7561157377672,7,0,0.8849643081805878,3,Ajman,0,1
830,2315.8679103600552,17,3,0.3832842396422014,22,Dubai,0,1
831,1200.5636324059117,20,1,0.49350099215440824,47,Dubai,0,0
832,2316.953629050198,0,1,0.28330476242493063,54,Sharjah,1,1
833,790.1993998610193,22,2,0.7867695033571274,47,Abu Dhabi,0,0
834,964.2962338804942,7,7,0.39744815689909163,0,Ajman,1,0
835,2542.0020864234507,28,7,0.5136110465443245,53,Dubai,1,1
836,2152.7347025722847,5,6,0.2533571700596614,24,Sharjah,1,1
837,4582.74491523369,4,5,0.9876595923412518,1,Abu Dhabi,0,1
838,1875.7301056715023,14,8,0.2914957409237229,29,Abu Dhabi,1,0
839,2944.8829163624127,21,3,0.7707425309055517,2,Sharjah,0,1
840,3198.0950108056986,14,0,0.4274956503567592,57,Sharjah,0,1
841,164.1628372828348,1,7,0.20621740508413988,20,Dubai,1,0
842,3351.333122881882,0,6,0.7997187639648612,24,Ajman,1,1
843,972.3762376617819,22,6,0.33360678902904317,19,Abu Dhabi,1,0
844,4809.24455560033,22,2,0.8651933473978111,48,Ajman,1,1
845,828.4473659902535,25,3,0.915257184917823,51,Abu Dhabi,1,0
846,2131.6582062624166,10,9,0.8598238353912759,21,Abu Dhabi,1,1
847,518.2133735853549,9,8,0.03500791480680565,20,Ajman,1,0
848,4984.683834045142,29,5,0.7873733450051056,32,Sharjah,1,1
849,2560.7555506230888,17,4,0.4113394664991439,51,Dubai,1,1
850,3017.3865848682144,17,2,0.8737229201822251,37,Abu Dhabi,0,1
851,428.6747392032947,16,8,0.6379542626847388,14,Sharjah,1,0
852,3774.806304955971,25,4,0.8336431341439584,57,Abu Dhabi,1,1
853,1128.5374061683701,7,4,0.49943176986683535,57,Dubai,1,0
854,4500.466018259497,14,3,0.5350255045989328,45,Abu Dhabi,1,1
855,1105.184238361835,7,3,0.14438763213366723,51,Dubai,1,0
856,1034.3698312519662,16,0,0.7839873586893554,14,Dubai,0,0
857,279.0933724556649,11,6,0.41938961166697164,45,Abu Dhabi,1,0
858,2413.128031038996,26,8,0.5000801182715826,24,Abu Dhabi,1,1
859,2867.7215529868204,7,2,0.7850977140957076,20,Dubai,0,1
860,421.9723331989266,24,1,0.598845400079439,23,Sharjah,0,0
861,3900.0853218055518,13,2,0.20109872744266744,56,Ajman,1,1
862,2321.1152902653353,3,0,0.5902326591508927,57,Dubai,1,1
863,2669.512319705142,0,5,0.40763285797965576,4,Abu Dhabi,0,1
864,2259.7374599973177,0,6,0.46952554204386265,5,Abu Dhabi,1,1
865,2063.7389982890973,18,1,0.028311274402667785,48,Sharjah,0,1
866,2842.2376234102676,15,7,0.2100293495162816,42,Ajman,1,1
867,860.6772050604912,13,5,0.28103808138102826,47,Dubai,1,0
868,991.4478394268285,20,3,0.7129600078588058,43,Dubai,1,0
869,4322.749542966235,15,4,0.011492473298115313,46,Ajman,1,1
870,4735.965764454801,4,7,0.40877726122913205,22,Dubai,1,1
871,1929.2156497707895,8,2,0.9240268704257328,3,Ajman,0,0
872,1426.6488984034136,25,2,0.11188061654912385,26,Abu Dhabi,0,0
873,3255.597761871177,29,3,0.516424388218611,17,Ajman,0,1
874,2102.7974383806722,27,0,0.786522382390847,20,Dubai,0,1
875,224.39314273568982,1,8,0.9425313075201167,27,Ajman,1,0
876,865.1477270943327,17,7,0.746776639533718,34,Sharjah,1,0
877,3608.263921352248,5,7,0.7205655486444061,21,Abu Dhabi,1,1
878,3328.7273153597416,8,9,0.8264880901957624,39,Abu Dhabi,1,1
879,232.77036326706911,0,5,0.44620122097754367,22,Ajman,1,0
880,1187.6635934714523,8,6,0.8058445326178331,2,Dubai,0,0
881,1232.2665032815498,24,5,0.007964404745451126,39,Sharjah,1,0
882,3392.2744436337694,15,8,0.9245610553768049,49,Abu Dhabi,1,1
883,196.58163499638437,12,2,0.4433065095171753,9,Abu Dhabi,0,0
884,610.1320517244119,8,2,0.5533801878657476,24,Dubai,0,0
885,4019.588818328628,20,2,0.2548822489148823,51,Dubai,1,1
886,974.8688440662347,12,9,0.7425308328404214,48,Sharjah,1,0
887,3298.455928474186,8,2,0.07663580647524881,7,Ajman,0,1
888,1267.09562712896,10,8,0.8726358025468353,54,Dubai,1,0
889,587.2628245207914,3,3,0.8281168290063428,10,Ajman,0,0
890,1291.543735897325,1,6,0.2160601162447664,4,Sharjah,1,0
891,3639.10796609273,28,8,0.8093243982852624,57,Ajman,1,1
892,4292.9126937208,5,6,0.7863577330614815,44,Abu Dhabi,1,1
893,4168.077336378259,13,8,0.632216597753949,52,Ajman,1,1
894,2046.1992951304287,3,2,0.37352017689968753,54,Sharjah,1,1
895,3373.6171691961663,5,3,0.27149875418186786,36,Sharjah,1,1
896,1104.4230475375227,18,7,0.23178359028935003,55,Sharjah,1,0
897,1536.423878278965,5,5,0.3186089627636072,58,Ajman,1,0
898,4492.045510753487,1,4,0.9035584434325303,44,Abu Dhabi,1,1
899,163.70942520260658,17,3,0.07764077598878127,37,Dubai,1,0
900,518.9918011868936,12,7,0.8288712762529586,28,Abu Dhabi,1,0
901,1118.6426502155339,8,0,0.34889007504182357,4,Ajman,0,0
902,230.0077989817166,22,8,0.5215993960113582,8,Ajman,1,0
903,989.0336319400068,18,0,0.7944856336484907,58,Dubai,0,0
904,2956.903648751492,12,7,0.8843765470229713,47,Ajman,1,1
905,2164.98029790324,10,3,0.344781420072647,1,Sharjah,0,1
906,4474.091384277177,0,8,0.4618434812751103,0,Sharjah,1,1
907,4105.47345251836,23,4,0.41451606481679226,39,Sharjah,1,1
908,1774.9050233195921,29,2,0.013251033503910548,59,Sharjah,1,0
909,1371.1748238133332,21,8,0.2959428888586566,50,Sharjah,1,0
910,1960.4928000196078,6,8,0.4591892337325618,29,Ajman,1,0
911,2992.445218322558,24,3,0.4110936088804398,10,Dubai,0,1
912,1413.5118400320937,20,3,0.7219292275156795,27,Dubai,0,0
913,3158.3296484607567,14,7,0.38480361722110323,43,Sharjah,1,1
914,2106.1170957370778,0,1,0.48937644897067023,11,Ajman,0,1
915,2805.031186174703,11,8,0.42960859213236335,38,Abu Dhabi,1,1
916,2237.019992763052,25,5,0.7406261488943705,25,Abu Dhabi,0,1
917,1542.8822217553966,6,8,0.8629723989869625,12,Ajman,1,0
918,4747.421204114567,14,7,0.5318890790075141,58,Sharjah,1,1
919,3841.668391382828,20,6,0.7894321941951912,7,Dubai,0,1
920,786.5545612556175,18,0,0.2967866820198506,53,Ajman,0,0
921,4355.493081899773,27,2,0.5413696101572687,27,Abu Dhabi,0,1
922,2488.4128714226167,28,1,0.34522995366997244,57,Abu Dhabi,0,1
923,4483.305911781048,24,4,0.4142009255718303,29,Abu Dhabi,0,1
924,4019.2907541418444,0,4,0.7324138648126686,8,Sharjah,0,1
925,2183.5461718992437,16,4,0.8816624823327127,38,Abu Dhabi,1,1
926,210.09961076857525,16,3,0.12149539108776541,30,Ajman,0,0
927,1416.519060986236,2,4,0.6346392564873805,57,Ajman,1,0
928,2754.007651838248,11,2,0.5821438075777985,20,Abu Dhabi,0,1
929,3204.0432771481214,5,0,0.11841503917593188,55,Ajman,1,1
930,1363.6496586226913,25,4,0.21189433044010908,46,Abu Dhabi,1,0
931,782.8447629568383,10,8,0.31100249473268027,33,Abu Dhabi,1,0
932,4191.158160316565,2,8,0.16693107081750147,54,Dubai,1,1
933,4923.570685447406,7,3,0.2437294825243418,30,Sharjah,1,1
934,2675.8818932831605,13,2,0.2676007988617075,51,Sharjah,1,1
935,941.2285006566872,13,0,0.3356738330390596,24,Dubai,0,0
936,1434.3058999449079,9,1,0.749390452801159,11,Dubai,0,0
937,190.11431508258698,1,7,0.5719122038506007,0,Sharjah,1,0
938,4580.064152146445,13,0,0.9862466719514015,54,Abu Dhabi,0,1
939,676.9803061616916,8,7,0.414735826967471,21,Abu Dhabi,1,0
940,2924.9307300198425,2,6,0.753865073836925,39,Sharjah,1,1
941,1442.8705813673093,20,7,0.8714684213765338,36,Abu Dhabi,1,0
942,2815.4722123273878,25,5,0.6789784930380419,46,Dubai,1,1
943,3291.959902924135,7,8,0.411864740417496,0,Abu Dhabi,1,1
944,4165.734838165288,15,2,0.753594630745753,0,Abu Dhabi,0,1
945,1111.4642316269558,1,9,0.20366713777268486,56,Ajman,1,0
946,153.87956042655435,5,3,0.3275521651801324,41,Ajman,1,0
947,770.7395873371556,27,5,0.5466852550992888,53,Ajman,1,0
948,4510.091345055715,20,7,0.5754093872861483,41,Abu Dhabi,1,1
949,4382.061380056325,28,4,0.022141475472629457,20,Sharjah,0,1
950,3027.324200634511,25,2,0.9451141887560087,14,Dubai,0,1
951,3042.5326161249013,24,5,0.69662727121739,16,Abu Dhabi,0,1
952,3358.679705276652,11,3,0.49570375023189106,21,Sharjah,0,1
953,959.319265254903,4,8,0.9331272344083084,37,Abu Dhabi,1,0
954,4580.618535032303,1,2,0.4390955652508285,34,Dubai,1,1
955,2151.9755719711584,15,3,0.9804355702703718,44,Abu Dhabi,1,1
956,1977.3787884225376,4,6,0.5122847572434851,15,Dubai,1,0
957,2642.6967558859037,14,6,0.11428576999797946,7,Abu Dhabi,0,1
958,330.13323719776974,11,3,0.7648009724592773,46,Dubai,1,0
959,914.7885069047891,3,5,0.6788977250778405,16,Abu Dhabi,1,0
960,3716.364720489215,14,2,0.7729867213055868,16,Dubai,0,1
961,505.7134728331197,10,5,0.9514420287256811,53,Ajman,1,0
962,3055.445336385302,15,1,0.7764893026510181,25,Abu Dhabi,0,1
963,1302.2106374384728,22,7,0.6113366022166469,12,Abu Dhabi,1,0
964,2007.548508805685,5,1,0.8573089023608409,16,Sharjah,0,1
965,1514.5993101764293,13,6,0.6732464393545315,37,Sharjah,1,0
966,1842.7963106782508,17,8,0.4081190568259231,16,Dubai,1,0
967,3623.324935402803,11,0,0.8856197642417732,47,Abu Dhabi,0,1
968,1555.8964065535577,26,7,0.22190046078437287,13,Dubai,1,0
969,2875.3827374547964,10,6,0.7146412749087242,44,Ajman,1,1
970,2432.646970775588,12,5,0.8815634549407569,5,Sharjah,0,1
971,3351.988710276976,20,5,0.7313165197032963,34,Dubai,1,1
972,4690.465722691314,22,5,0.6972754190538569,45,Dubai,1,1
973,3689.6032763302264,10,8,0.752638294071836,13,Sharjah,1,1
974,1153.207855094708,22,1,0.4650552483006444,46,Abu Dhabi,0,0
975,252.7973618002949,15,0,0.874170682157026,7,Dubai,0,0
976,1385.093817069143,14,5,0.2034364751360912,14,Sharjah,0,0
977,3015.8818604312487,20,9,0.1273864160003393,53,Abu Dhabi,1,1
978,351.9864860728267,27,7,0.28550878011851155,26,Ajman,1,0
979,2532.1946112860583,14,2,0.5315773967749932,12,Sharjah,0,1
980,3024.529959692757,24,9,0.5105617954093381,48,Dubai,1,1
981,1737.795065003108,3,0,0.8205987576765866,30,Ajman,0,0
982,3877.4697983545275,10,8,0.4045686564040174,52,Abu Dhabi,1,1
983,622.3314403554818,18,0,0.48434442629150865,55,Abu Dhabi,0,0
984,468.17513050546296,14,2,0.013367683259395635,34,Sharjah,0,0
985,3668.124905397656,3,7,0.4097392364429391,59,Sharjah,1,1
986,2527.9074494103725,20,2,0.6477742329503421,5,Sharjah,0,1
987,3473.1717424959065,12,3,0.015508330626592182,4,Abu Dhabi,0,1
988,2230.6539591583564,21,7,0.28088196518624375,21,Ajman,1,1
989,1307.3699628716233,18,0,0.20795635928938994,57,Abu Dhabi,0,0
990,4113.601356603578,1,5,0.04198542890958823,48,Dubai,1,1
991,4017.1378069479983,13,0,0.4792600899145375,22,Abu Dhabi,0,1
992,3504.012707186691,28,0,0.1817232932281565,24,Dubai,0,1
993,1433.5111724268172,3,7,0.7430815396313801,33,Ajman,1,0
994,2992.130267658527,15,3,0.8479278837633485,25,Sharjah,0,1
995,1868.7720950061314,20,0,0.5455851826691478,46,Sharjah,0,0
996,548.7521593005074,19,9,0.9817073425211416,4,Abu Dhabi,1,0
997,4594.83651976499,13,6,0.45047857147059533,25,Sharjah,1,1
998,770.4112915029109,26,4,0.5133682102249155,19,Ajman,0,0
999,4756.163033721932,28,4,0.9892177539577501,5,Sharjah,0,1
1000,2285.428287493983,14,0,0.23154843596504882,5,Abu Dhabi,0,1
